First,Last,Company,Department,Title,Phone,Password,Manager
Johnny,Smith,IBM,Information Security,CISO,610-584-1947,YRxV7kL3t6qL&a@mfaMpQ832ypo#DX78,nmumaw
Wes,McDuffie,IBM,Internal Investigations, Security Manager,7517273076,&J3c59UzkAvpDUxg%S6!5SRDO$I^#o2k,johnnys
Charlie,Niemi,IBM,Internal Investigations, Security Engineer,4106541681,8CtL3N&W!0qp2!XUPYc8soD^GNAYl5u3,wesm
John,Avendano,IBM,Internal Investigations, Security Architech,1895276883,c@wH7BN!Tyan$1^iBz0lc#%W7R@G0!7p,wesm
Mike,Winkler,IBM,Forensic Analysts,Security Manager,381-140-6279,6npGaKy%MYjb!6LGaDo1!mpu3k*m2^aA,johnnys
Josh,Morin,IBM,Forensic Analysts,Security Architect,981-231-4921,uR4d2HJJh1!m$eBsr5D3Ht6M@k#n8QoU,mikew
Travis,Miller,IBM,Forensic Analysts,Security Engineer,275-634-4962,3y1QFHN&a$1V646AphCY3nxvWz!Kqhvr,mikew
Rob,Davis,IBM,Tier2 Analysts,Security Manager,268-247-4338,G1lASn9uoCL1K%x2#qKAjoNggi#iO4@g,johnnys
Andrew,Campagna,IBM,Tier2 Analysts,Security Architect,935-990-9151,6Oj0cIs#Z#*UOLqkz6wgi3J8DylQoG^P,robd
Edgar,Johnson,IBM,Tier2 Analysts,Security Engineer,540-882-9984,c0If1FZczHq87^TiZYS4y6WX83trY23x,robd
Jerry,Frady,IBM,Tier1 Analysts,Security Manager,967-702-9657,3f6Y5u@iTPOTnPyg096wHJ9d3jyi^NIH,johnnys
Nick,Mumaw,IBM,Tier1 Analysts,Security Analyst,539-481-1324,e6#aOI09B#k2^Ptx18$VYP*IA^uAMbA@,jerryf
Craig,Finley,IBM,Tier1 Analysts,Security Engineer,754-155-0862,A3d6^WNA4UB*Hm239j4oCUvk%*yK5FiT,jerryf
Daryl,Ladd,IBM,Tier1 Analysts,Security Analyst,218-862-1890,pL6zOIl7DtpnszQDzUXg74!Yjk!VFfL*,jerryf